,Language,Speech,Audio_Path,Intent,NER_Tag
0,English,Get me hypertension medicine,./Intent_Prediction/audio/0001.mp3,retrieve_med,0010
1,Cantonese,攞高血壓藥畀我,./Intent_Prediction/audio/0002.mp3,retrieve_med,0112200
2,Cantonese,幫我拎高血壓藥,./Intent_Prediction/audio/0003.mp3,retrieve_med,0001122
3,English,Where is the medicine for high blood pressure,./Intent_Prediction/audio/0004.mp3,search_med,00000122
4,Cantonese,高血壓藥放邊,./Intent_Prediction/audio/0005.mp3,search_med,112200
5,English,I need something for hypertension,./Intent_Prediction/audio/0006.mp3,enquire_suitable_med,00001
6,Cantonese,攞血管緊張素轉換酶抑制藥畀我,./Intent_Prediction/audio/0007.mp3,retrieve_med,01222222222200
7,English,Fetch Metformin for diabetes,./Intent_Prediction/audio/0008.mp3,retrieve_med,0303
8,Cantonese,俾糖尿病藥我,./Intent_Prediction/audio/0009.mp3,retrieve_med,034400
9,Cantonese,邊度有甲福明,./Intent_Prediction/audio/0010.mp3,search_med,000344
10,English,Bring me pills for diabetes,./Intent_Prediction/audio/0011.mp3,retrieve_med,00003
11,Cantonese,我要糖尿病藥,./Intent_Prediction/audio/0012.mp3,retrieve_med,003440
12,English,Where can I find diabetes medicine,./Intent_Prediction/audio/0013.mp3,search_med,000030
13,Cantonese,糖尿病藥喺邊,./Intent_Prediction/audio/0014.mp3,search_med,344000
14,English,Give me Atorvastatin for my heart disease,./Intent_Prediction/audio/0015.mp3,retrieve_med,0050056
15,Cantonese,攞阿伐他汀畀我,./Intent_Prediction/audio/0016.mp3,retrieve_med,0566600
16,Cantonese,幫我搵心臟病藥,./Intent_Prediction/audio/0017.mp3,retrieve_med,0005660
17,English,Can you find me medicine for CAD,./Intent_Prediction/audio/0018.mp3,search_med,0000005
18,Cantonese,冠心病藥喺邊,./Intent_Prediction/audio/0019.mp3,search_med,566000
19,English,I need something for coronary heart disease,./Intent_Prediction/audio/0020.mp3,enquire_suitable_med,0000566
20,Cantonese,攞冠脈病藥畀我,./Intent_Prediction/audio/0021.mp3,retrieve_med,0566000
21,English,Fetch Amitriptyline for depression,./Intent_Prediction/audio/0022.mp3,retrieve_med,0707
22,Cantonese,俾阿米替林我,./Intent_Prediction/audio/0023.mp3,retrieve_med,078880
23,Cantonese,我要抗抑鬱藥,./Intent_Prediction/audio/0024.mp3,retrieve_med,000780
24,English,Where is the depression medicine,./Intent_Prediction/audio/0025.mp3,search_med,00070
25,Cantonese,抑鬱症藥喺邊,./Intent_Prediction/audio/0026.mp3,search_med,780000
26,English,I need help with antidepressants,./Intent_Prediction/audio/0027.mp3,retrieve_med,00000
27,Cantonese,攞抑鬱症藥畀我,./Intent_Prediction/audio/0028.mp3,retrieve_med,0780000
28,English,What should I take for my condition,./Intent_Prediction/audio/0029.mp3,enquire_suitable_med,0000000
29,Cantonese,我應該食咩藥,./Intent_Prediction/audio/0030.mp3,enquire_suitable_med,000000
30,English,Which medicine is right for me,./Intent_Prediction/audio/0031.mp3,enquire_suitable_med,000000
31,Cantonese,應該拎咩藥,./Intent_Prediction/audio/0032.mp3,enquire_suitable_med,00000
32,English,Can you find high blood pressure medicine,./Intent_Prediction/audio/0033.mp3,search_med,0001220
33,Cantonese,幫我攞高血壓藥,./Intent_Prediction/audio/0034.mp3,retrieve_med,0001122
34,Cantonese,高血壓藥搵唔到,./Intent_Prediction/audio/0035.mp3,search_med,1122000
35,English,I need ACE Inhibitors,./Intent_Prediction/audio/0036.mp3,retrieve_med,0000
36,Cantonese,俾我血管緊張素轉換酶抑制藥,./Intent_Prediction/audio/0037.mp3,retrieve_med,0012222222222
37,English,Where are the hypertension pills,./Intent_Prediction/audio/0038.mp3,search_med,00010
38,Cantonese,幫手搵高血壓藥,./Intent_Prediction/audio/0039.mp3,search_med,0001122
39,English,Please bring me Metformin for diabetes,./Intent_Prediction/audio/0040.mp3,retrieve_med,000303
40,Cantonese,甲福明喺邊,./Intent_Prediction/audio/0041.mp3,search_med,34400
41,English,Can you grab the diabetes pills,./Intent_Prediction/audio/0042.mp3,retrieve_med,000030
42,Cantonese,幫我攞糖尿病藥,./Intent_Prediction/audio/0043.mp3,retrieve_med,0003440
43,English,I am looking for Metformin,./Intent_Prediction/audio/0044.mp3,search_med,00003
44,Cantonese,邊度可以拎到糖尿病藥,./Intent_Prediction/audio/0045.mp3,search_med,0000003440
45,English,Diabetes medication is what I need,./Intent_Prediction/audio/0046.mp3,retrieve_med,300000
46,Cantonese,請攞甲福明,./Intent_Prediction/audio/0047.mp3,retrieve_med,00344
47,English,Get Atorvastatin for my CAD,./Intent_Prediction/audio/0048.mp3,retrieve_med,05005
48,Cantonese,幫我搵冠脈病藥,./Intent_Prediction/audio/0049.mp3,search_med,0005660
49,English,Fetch my heart disease medication,./Intent_Prediction/audio/0050.mp3,retrieve_med,00560
50,Cantonese,攞心臟病藥畀我,./Intent_Prediction/audio/0051.mp3,retrieve_med,0566000
51,English,I need pills for coronary artery disease,./Intent_Prediction/audio/0052.mp3,retrieve_med,0000000
52,Cantonese,心臟病藥喺邊,./Intent_Prediction/audio/0053.mp3,search_med,566000
53,English,Where can I find Atorvastatin,./Intent_Prediction/audio/0054.mp3,search_med,00005
54,Cantonese,我要阿伐他汀,./Intent_Prediction/audio/0055.mp3,retrieve_med,005666
55,English,Bring me Amitriptyline for depression,./Intent_Prediction/audio/0056.mp3,retrieve_med,00707
56,Cantonese,抗抑鬱藥係邊,./Intent_Prediction/audio/0057.mp3,search_med,078000
57,English,Can I have pills for depression,./Intent_Prediction/audio/0058.mp3,retrieve_med,000007
58,Cantonese,攞抑鬱症藥俾我,./Intent_Prediction/audio/0059.mp3,retrieve_med,0780000
59,English,Where can I find antidepressants,./Intent_Prediction/audio/0060.mp3,search_med,00000
60,Cantonese,邊度有阿米替林,./Intent_Prediction/audio/0061.mp3,retrieve_med,0007888
61,English,What should I use for depression,./Intent_Prediction/audio/0062.mp3,enquire_suitable_med,000007
62,Cantonese,抗抑鬱藥拎唔拎得,./Intent_Prediction/audio/0063.mp3,retrieve_med,07800000
63,English,Which pill do I need for diabetes,./Intent_Prediction/audio/0064.mp3,enquire_suitable_med,0000003
64,Cantonese,我應該用咩藥,./Intent_Prediction/audio/0065.mp3,enquire_suitable_med,000000
65,English,Can you suggest a medicine for CAD,./Intent_Prediction/audio/0066.mp3,enquire_suitable_med,0000005
66,Cantonese,冠心病食咩藥,./Intent_Prediction/audio/0067.mp3,enquire_suitable_med,566000
67,English,Find the medicine for high blood pressure,./Intent_Prediction/audio/0068.mp3,enquire_suitable_med,0000122
68,Cantonese,邊度有高血壓藥,./Intent_Prediction/audio/0069.mp3,search_med,0001122
69,English,Where can I get hypertension pills,./Intent_Prediction/audio/0070.mp3,search_med,000010
70,Cantonese,幫我拎血管緊張素轉換酶抑制藥,./Intent_Prediction/audio/0071.mp3,retrieve_med,00012222222222
71,English,Get me pills for my hypertension,./Intent_Prediction/audio/0072.mp3,retrieve_med,000001
72,Cantonese,請攞高血壓藥畀我,./Intent_Prediction/audio/0073.mp3,retrieve_med,00112200
73,English,I need ACE Inhibitor tablets,./Intent_Prediction/audio/0074.mp3,retrieve_med,00120
74,Cantonese,幫我搵高血壓藥,./Intent_Prediction/audio/0075.mp3,retrieve_med,0001122
75,English,Can you give me Metformin for diabetes,./Intent_Prediction/audio/0076.mp3,retrieve_med,0000303
76,Cantonese,俾我糖尿病藥,./Intent_Prediction/audio/0077.mp3,retrieve_med,003440
77,English,Where is the diabetes medicine kept,./Intent_Prediction/audio/0078.mp3,search_med,000300
78,Cantonese,糖尿病藥擺邊,./Intent_Prediction/audio/0079.mp3,search_med,344000
79,English,I need to take Metformin for my condition,./Intent_Prediction/audio/0080.mp3,retrieve_med,00003000
80,Cantonese,攞甲福明畀我,./Intent_Prediction/audio/0081.mp3,retrieve_med,034400
81,English,Grab the diabetes medication for me,./Intent_Prediction/audio/0082.mp3,retrieve_med,003000
82,Cantonese,糖尿病藥幫手攞下,./Intent_Prediction/audio/0083.mp3,retrieve_med,34400000
83,English,Please find my heart medication,./Intent_Prediction/audio/0084.mp3,retrieve_med,00000
84,Cantonese,幫我搵心臟病藥,./Intent_Prediction/audio/0085.mp3,retrieve_med,0005660
85,English,I need Atorvastatin tablets for CAD,./Intent_Prediction/audio/0086.mp3,retrieve_med,005005
86,Cantonese,冠脈病藥放喺邊,./Intent_Prediction/audio/0087.mp3,search_med,5660000
87,English,Can you grab Atorvastatin for me,./Intent_Prediction/audio/0088.mp3,retrieve_med,000500
88,Cantonese,攞冠心病藥,./Intent_Prediction/audio/0089.mp3,retrieve_med,05660
89,English,Heart disease medicine is what I need,./Intent_Prediction/audio/0090.mp3,retrieve_med,5600000
90,Cantonese,請攞阿伐他汀畀我,./Intent_Prediction/audio/0091.mp3,retrieve_med,00566600
91,English,Fetch depression medicine for me,./Intent_Prediction/audio/0092.mp3,retrieve_med,07000
92,Cantonese,抑鬱症藥係邊,./Intent_Prediction/audio/0093.mp3,search_med,780000
93,English,I want to take Amitriptyline for depression,./Intent_Prediction/audio/0094.mp3,retrieve_med,0000707
94,Cantonese,阿米替林喺邊,./Intent_Prediction/audio/0095.mp3,search_med,788800
95,English,Where are the antidepressants stored,./Intent_Prediction/audio/0096.mp3,search_med,00000
96,Cantonese,幫手搵抗抑鬱藥,./Intent_Prediction/audio/0097.mp3,search_med,0000780
97,English,Give me a pill for depression,./Intent_Prediction/audio/0098.mp3,retrieve_med,000007
98,Cantonese,請幫我攞抑鬱症藥,./Intent_Prediction/audio/0099.mp3,retrieve_med,00007800
99,English,Which medicine helps with my heart condition,./Intent_Prediction/audio/0100.mp3,enquire_suitable_med,0000000
100,Cantonese,食咩藥可以治好心臟病,./Intent_Prediction/audio/0101.mp3,enquire_suitable_med,0000000566
101,English,What do I need for my diabetes,./Intent_Prediction/audio/0102.mp3,enquire_suitable_med,0000003
102,Cantonese,我應該攞咩藥治糖尿病,./Intent_Prediction/audio/0103.mp3,enquire_suitable_med,0000000344
103,English,Can you check what medicine suits me,./Intent_Prediction/audio/0104.mp3,enquire_suitable_med,0000000
104,Cantonese,有咩藥適合我用,./Intent_Prediction/audio/0105.mp3,enquire_suitable_med,0000000
105,English,I need medication for high blood pressure,./Intent_Prediction/audio/0106.mp3,enquire_suitable_med,0000122
106,Cantonese,高血壓藥幫我搵下,./Intent_Prediction/audio/0107.mp3,search_med,11220000
107,English,Can you find the pills for hypertension,./Intent_Prediction/audio/0108.mp3,search_med,0000001
108,Cantonese,請幫我攞高血壓藥,./Intent_Prediction/audio/0109.mp3,retrieve_med,00001122
109,English,Fetch ACE Inhibitor tablets for me,./Intent_Prediction/audio/0110.mp3,retrieve_med,012000
110,Cantonese,攞血管緊張素轉換酶抑制藥俾我,./Intent_Prediction/audio/0111.mp3,retrieve_med,01222222222200
111,English,Bring me high blood pressure pills,./Intent_Prediction/audio/0112.mp3,retrieve_med,001220
112,Cantonese,高血壓藥係邊,./Intent_Prediction/audio/0113.mp3,search_med,112200
113,English,Get Metformin for my diabetes,./Intent_Prediction/audio/0114.mp3,retrieve_med,03003
114,Cantonese,幫我拎糖尿病藥,./Intent_Prediction/audio/0115.mp3,retrieve_med,0003440
115,English,Where is the diabetes medication kept,./Intent_Prediction/audio/0116.mp3,search_med,000300
116,Cantonese,邊度可以搵到甲福明,./Intent_Prediction/audio/0117.mp3,search_med,000000344
117,English,I want to take Metformin now,./Intent_Prediction/audio/0118.mp3,retrieve_med,000030
118,Cantonese,請攞糖尿病藥俾我,./Intent_Prediction/audio/0119.mp3,retrieve_med,00344000
119,English,Can you bring me diabetes pills,./Intent_Prediction/audio/0120.mp3,retrieve_med,000030
120,Cantonese,攞甲福明幫幫手,./Intent_Prediction/audio/0121.mp3,retrieve_med,0344000
121,English,I need Atorvastatin for coronary artery disease,./Intent_Prediction/audio/0122.mp3,retrieve_med,0050000
122,Cantonese,冠心病藥幫我搵下,./Intent_Prediction/audio/0123.mp3,search_med,56600000
123,English,Find the heart disease medication for me,./Intent_Prediction/audio/0124.mp3,retrieve_med,0056000
124,Cantonese,攞心臟病藥俾我,./Intent_Prediction/audio/0125.mp3,retrieve_med,0566000
125,English,Can you fetch Atorvastatin,./Intent_Prediction/audio/0126.mp3,retrieve_med,0005
126,Cantonese,心臟病藥邊度有,./Intent_Prediction/audio/0127.mp3,search_med,5660000
127,English,Bring my coronary disease pills,./Intent_Prediction/audio/0128.mp3,retrieve_med,00000
128,Cantonese,幫手攞冠心病藥,./Intent_Prediction/audio/0129.mp3,retrieve_med,0005660
129,English,Fetch Amitriptyline for depression,./Intent_Prediction/audio/0130.mp3,retrieve_med,0707
130,Cantonese,請搵阿米替林,./Intent_Prediction/audio/0131.mp3,search_med,007888
131,English,Can you find my antidepressant,./Intent_Prediction/audio/0132.mp3,search_med,00007
132,Cantonese,幫我搵抑鬱症藥,./Intent_Prediction/audio/0133.mp3,search_med,0007800
133,English,I want to take antidepressants,./Intent_Prediction/audio/0134.mp3,retrieve_med,00000
134,Cantonese,請攞抑鬱症藥畀我,./Intent_Prediction/audio/0135.mp3,retrieve_med,00780000
135,English,Where are my depression tablets,./Intent_Prediction/audio/0136.mp3,search_med,00070
136,Cantonese,邊度有抗抑鬱藥,./Intent_Prediction/audio/0137.mp3,search_med,0000780
137,English,What medicine should I use for high blood pressure,./Intent_Prediction/audio/0138.mp3,enquire_suitable_med,000000122
138,Cantonese,治高血壓食咩藥,./Intent_Prediction/audio/0139.mp3,enquire_suitable_med,0122000
139,English,Which pills are good for heart disease,./Intent_Prediction/audio/0140.mp3,enquire_suitable_med,0000056
140,Cantonese,治心臟病應該用咩藥,./Intent_Prediction/audio/0141.mp3,enquire_suitable_med,056600000
141,English,Can you suggest the right medicine for me,./Intent_Prediction/audio/0142.mp3,enquire_suitable_med,00000000
142,Cantonese,我應該買咩藥,./Intent_Prediction/audio/0143.mp3,enquire_suitable_med,000000
143,English,What tablets should I use for my condition,./Intent_Prediction/audio/0144.mp3,enquire_suitable_med,00000000
144,Cantonese,咩藥適合治療我嘅病,./Intent_Prediction/audio/0145.mp3,enquire_suitable_med,000000000
145,English,What time is the meeting,./Intent_Prediction/audio/0146.mp3,other_intents,00000
146,Cantonese,今日幾點開會,./Intent_Prediction/audio/0147.mp3,other_intents,000000
147,English,Can you turn on the lights,./Intent_Prediction/audio/0148.mp3,other_intents,000000
148,Cantonese,幫我開燈,./Intent_Prediction/audio/0149.mp3,other_intents,0000
149,English,Where is the nearest coffee shop,./Intent_Prediction/audio/0150.mp3,other_intents,000000
150,Cantonese,邊度有咖啡店,./Intent_Prediction/audio/0151.mp3,other_intents,000000
151,English,I need to call a taxi,./Intent_Prediction/audio/0152.mp3,other_intents,000000
152,Cantonese,幫我叫的士,./Intent_Prediction/audio/0153.mp3,other_intents,00000
153,English,What’s the weather like today,./Intent_Prediction/audio/0154.mp3,other_intents,000000
154,Cantonese,今日天氣如何,./Intent_Prediction/audio/0155.mp3,other_intents,000000
155,English,Play some relaxing music for me,./Intent_Prediction/audio/0156.mp3,other_intents,000000
156,Cantonese,播啲輕鬆嘅音樂,./Intent_Prediction/audio/0157.mp3,other_intents,0000000
157,English,How do I connect to WiFi,./Intent_Prediction/audio/0158.mp3,other_intents,000000
158,Cantonese,點樣連接WiFi,./Intent_Prediction/audio/0159.mp3,other_intents,00000
159,English,Can you set an alarm for me,./Intent_Prediction/audio/0160.mp3,other_intents,0000000
160,Cantonese,幫我設鬧鐘,./Intent_Prediction/audio/0161.mp3,other_intents,00000
161,English,Where is my phone,./Intent_Prediction/audio/0162.mp3,other_intents,0000
162,Cantonese,我部電話去咗邊,./Intent_Prediction/audio/0163.mp3,other_intents,0000000
163,English,What’s the schedule for tomorrow,./Intent_Prediction/audio/0164.mp3,other_intents,000000
164,Cantonese,明日行程係咩,./Intent_Prediction/audio/0165.mp3,other_intents,000000
165,English,Help me find my keys,./Intent_Prediction/audio/0166.mp3,other_intents,00000
166,Cantonese,幫我搵鎖匙,./Intent_Prediction/audio/0167.mp3,other_intents,00000
167,English,Turn off the air conditioner,./Intent_Prediction/audio/0168.mp3,other_intents,00000
168,Cantonese,幫我關冷氣,./Intent_Prediction/audio/0169.mp3,other_intents,00000
169,English,Do you know any good restaurants nearby,./Intent_Prediction/audio/0170.mp3,other_intents,0000000
170,Cantonese,附近有咩好餐廳,./Intent_Prediction/audio/0171.mp3,other_intents,0000000
171,English,How long will it take to get there,./Intent_Prediction/audio/0172.mp3,other_intents,00000000
172,Cantonese,去到嗰度要幾耐,./Intent_Prediction/audio/0173.mp3,other_intents,0000000
173,English,Remind me to drink water,./Intent_Prediction/audio/0174.mp3,other_intents,00000
174,Cantonese,提醒我要飲水,./Intent_Prediction/audio/0175.mp3,other_intents,000000
175,English,What is the current time,./Intent_Prediction/audio/0176.mp3,other_intents,00000
176,Cantonese,依家幾點鐘,./Intent_Prediction/audio/0177.mp3,other_intents,00000
177,English,Can you help me open the door,./Intent_Prediction/audio/0178.mp3,other_intents,0000000
178,Cantonese,幫我開門,./Intent_Prediction/audio/0179.mp3,other_intents,0000
179,English,What’s your favorite color,./Intent_Prediction/audio/0180.mp3,other_intents,00000
180,Cantonese,你最鍾意咩顏色,./Intent_Prediction/audio/0181.mp3,other_intents,0000000
181,English,Where is the nearest bus stop,./Intent_Prediction/audio/0182.mp3,other_intents,000000
182,Cantonese,最近巴士站喺邊,./Intent_Prediction/audio/0183.mp3,other_intents,0000000
183,English,How do I get to the train station,./Intent_Prediction/audio/0184.mp3,other_intents,00000000
184,Cantonese,點樣去火車站,./Intent_Prediction/audio/0185.mp3,other_intents,000000
185,English,Can you order some food for me,./Intent_Prediction/audio/0186.mp3,other_intents,0000000
186,Cantonese,幫我訂外賣,./Intent_Prediction/audio/0187.mp3,other_intents,00000
187,English,I need to check my email,./Intent_Prediction/audio/0188.mp3,other_intents,000000
188,Cantonese,我要查電郵,./Intent_Prediction/audio/0189.mp3,other_intents,00000
189,English,What’s the latest news,./Intent_Prediction/audio/0190.mp3,other_intents,00000
190,Cantonese,最新新聞有咩,./Intent_Prediction/audio/0191.mp3,other_intents,000000
191,English,Can you find my wallet,./Intent_Prediction/audio/0192.mp3,other_intents,00000
192,Cantonese,幫我搵銀包,./Intent_Prediction/audio/0193.mp3,other_intents,00000
193,English,What movies are playing nearby,./Intent_Prediction/audio/0194.mp3,other_intents,00000
194,Cantonese,附近有咩戲上映,./Intent_Prediction/audio/0195.mp3,other_intents,0000000
195,English,Remind me about my appointment,./Intent_Prediction/audio/0196.mp3,other_intents,00000
196,Cantonese,記得提醒我約會,./Intent_Prediction/audio/0197.mp3,other_intents,0000000
197,English,Where is the closest supermarket,./Intent_Prediction/audio/0198.mp3,other_intents,00000
198,Cantonese,最近嘅超市喺邊,./Intent_Prediction/audio/0199.mp3,other_intents,0000000
199,English,Can you adjust the room temperature,./Intent_Prediction/audio/0200.mp3,other_intents,000000
200,Cantonese,幫我調室溫,./Intent_Prediction/audio/0201.mp3,other_intents,00000
201,English,What is the traffic like right now,./Intent_Prediction/audio/0202.mp3,other_intents,0000000
202,Cantonese,依家交通情況如何,./Intent_Prediction/audio/0203.mp3,other_intents,00000000
203,English,Let’s go for a walk,./Intent_Prediction/audio/0204.mp3,other_intents,000000
204,Cantonese,我哋出去行下啦,./Intent_Prediction/audio/0205.mp3,other_intents,0000000
205,English,What’s on my to-do list today,./Intent_Prediction/audio/0206.mp3,other_intents,00000000
206,Cantonese,今日有咩待辦事項,./Intent_Prediction/audio/0207.mp3,other_intents,00000000
207,English,How far is the airport from here,./Intent_Prediction/audio/0208.mp3,other_intents,0000000
208,Cantonese,機場距離呢度有幾遠,./Intent_Prediction/audio/0209.mp3,other_intents,000000000
209,English,Can you translate this sentence for me,./Intent_Prediction/audio/0210.mp3,other_intents,0000000
210,Cantonese,幫我翻譯呢句說話,./Intent_Prediction/audio/0211.mp3,other_intents,00000000
211,English,I need help finding a parking spot,./Intent_Prediction/audio/0212.mp3,other_intents,0000000
212,Cantonese,幫我搵個泊車位,./Intent_Prediction/audio/0213.mp3,other_intents,0000000
213,English,When is the next holiday,./Intent_Prediction/audio/0214.mp3,other_intents,00000
214,Cantonese,下次假期係幾時,./Intent_Prediction/audio/0215.mp3,other_intents,0000000
215,English,Give me hypertension medication,./Intent_Prediction/audio/0216.mp3,retrieve_med,0010
216,Cantonese,攞高血壓藥畀我,./Intent_Prediction/audio/0217.mp3,retrieve_med,0112200
217,English,Find me the ACE Inhibitor pills,./Intent_Prediction/audio/0218.mp3,search_med,000120
218,Cantonese,幫手搵血管緊張素轉換酶抑制藥,./Intent_Prediction/audio/0219.mp3,search_med,00012222222222
219,English,I need tablets for high blood pressure,./Intent_Prediction/audio/0220.mp3,retrieve_med,0000122
220,Cantonese,高血壓藥喺邊度,./Intent_Prediction/audio/0221.mp3,search_med,1122000
221,English,Bring me some hypertension pills,./Intent_Prediction/audio/0222.mp3,retrieve_med,00010
222,Cantonese,請幫我攞高血壓藥,./Intent_Prediction/audio/0223.mp3,retrieve_med,00001122
223,English,Where is the Metformin for diabetes,./Intent_Prediction/audio/0224.mp3,search_med,000303
224,Cantonese,糖尿病藥邊度有,./Intent_Prediction/audio/0225.mp3,search_med,3440000
225,English,I need Metformin now,./Intent_Prediction/audio/0226.mp3,retrieve_med,0030
226,Cantonese,請攞甲福明畀我,./Intent_Prediction/audio/0227.mp3,retrieve_med,0034400
227,English,Fetch diabetes medication for me,./Intent_Prediction/audio/0228.mp3,retrieve_med,03000
228,Cantonese,幫我拎糖尿病藥,./Intent_Prediction/audio/0229.mp3,retrieve_med,0003440
229,English,Can you bring me Metformin tablets,./Intent_Prediction/audio/0230.mp3,retrieve_med,000030
230,Cantonese,我要糖尿病藥,./Intent_Prediction/audio/0231.mp3,retrieve_med,003440
231,English,Where is the Atorvastatin for my heart,./Intent_Prediction/audio/0232.mp3,search_med,0005000
232,Cantonese,攞心臟病藥幫下手,./Intent_Prediction/audio/0233.mp3,search_med,05660000
233,English,Bring me heart disease medication,./Intent_Prediction/audio/0234.mp3,retrieve_med,00560
234,Cantonese,心臟病藥放喺邊,./Intent_Prediction/audio/0235.mp3,search_med,5660000
235,English,I need pills for coronary artery disease,./Intent_Prediction/audio/0236.mp3,retrieve_med,0000000
236,Cantonese,冠脈病藥喺邊度,./Intent_Prediction/audio/0237.mp3,search_med,5660000
237,English,Fetch Atorvastatin tablets for me,./Intent_Prediction/audio/0238.mp3,retrieve_med,05000
238,Cantonese,阿伐他汀幫我攞,./Intent_Prediction/audio/0239.mp3,retrieve_med,5666000
239,English,Give me antidepressants for depression,./Intent_Prediction/audio/0240.mp3,retrieve_med,00007
240,Cantonese,我要阿米替林,./Intent_Prediction/audio/0241.mp3,retrieve_med,007888
241,English,Where is the medicine for depression,./Intent_Prediction/audio/0242.mp3,search_med,000007
242,Cantonese,幫我攞抑鬱症藥,./Intent_Prediction/audio/0243.mp3,retrieve_med,0007800
243,English,I need Amitriptyline tablets,./Intent_Prediction/audio/0244.mp3,retrieve_med,0070
244,Cantonese,阿米替林係邊度,./Intent_Prediction/audio/0245.mp3,search_med,7888000
245,English,Bring depression medication for me,./Intent_Prediction/audio/0246.mp3,retrieve_med,07000
246,Cantonese,請攞抗抑鬱藥畀我,./Intent_Prediction/audio/0247.mp3,retrieve_med,00078000
247,English,Where are my pills for depression,./Intent_Prediction/audio/0248.mp3,search_med,000007
248,Cantonese,抑鬱症藥幫我搵下,./Intent_Prediction/audio/0249.mp3,retrieve_med,78000000
249,English,Get me high blood pressure pills,./Intent_Prediction/audio/0250.mp3,retrieve_med,001220
250,Cantonese,幫我攞高血壓藥,./Intent_Prediction/audio/0251.mp3,retrieve_med,0001122
251,English,Where is the ACE Inhibitor medicine,./Intent_Prediction/audio/0252.mp3,search_med,000120
252,Cantonese,血管緊張素轉換酶抑制藥喺邊,./Intent_Prediction/audio/0253.mp3,search_med,1222222222200
253,English,I need medicine for hypertension,./Intent_Prediction/audio/0254.mp3,retrieve_med,00001
254,Cantonese,攞高血壓藥幫幫手,./Intent_Prediction/audio/0255.mp3,retrieve_med,01122000
255,English,Fetch hypertension medication for me,./Intent_Prediction/audio/0256.mp3,retrieve_med,01000
256,Cantonese,請攞高血壓藥,./Intent_Prediction/audio/0257.mp3,retrieve_med,001122
257,English,Find the Metformin tablets for me,./Intent_Prediction/audio/0258.mp3,search_med,003000
258,Cantonese,幫我搵甲福明,./Intent_Prediction/audio/0259.mp3,retrieve_med,000344
259,English,I want diabetes medicine,./Intent_Prediction/audio/0260.mp3,retrieve_med,0030
260,Cantonese,我要糖尿病藥,./Intent_Prediction/audio/0261.mp3,retrieve_med,003440
261,English,Bring me Metformin for my condition,./Intent_Prediction/audio/0262.mp3,retrieve_med,003000
262,Cantonese,請攞甲福明畀我,./Intent_Prediction/audio/0263.mp3,retrieve_med,0034400
263,English,Can you find diabetes pills for me,./Intent_Prediction/audio/0264.mp3,search_med,0003000
264,Cantonese,糖尿病藥幫我搵下,./Intent_Prediction/audio/0265.mp3,retrieve_med,34400000
265,English,Fetch me the Metformin tablets,./Intent_Prediction/audio/0266.mp3,retrieve_med,00030
266,Cantonese,搵糖尿病藥俾我,./Intent_Prediction/audio/0267.mp3,retrieve_med,0344000
267,English,I need Atorvastatin for CAD,./Intent_Prediction/audio/0268.mp3,retrieve_med,00505
268,Cantonese,攞阿伐他汀,./Intent_Prediction/audio/0269.mp3,retrieve_med,05666
269,English,Bring coronary artery medication,./Intent_Prediction/audio/0270.mp3,retrieve_med,0000
270,Cantonese,請攞冠心病藥畀我,./Intent_Prediction/audio/0271.mp3,retrieve_med,00566000
271,English,Where can I find heart disease pills,./Intent_Prediction/audio/0272.mp3,search_med,0000560
272,Cantonese,心臟病藥放喺邊,./Intent_Prediction/audio/0273.mp3,search_med,5660000
273,English,Fetch my Atorvastatin tablets,./Intent_Prediction/audio/0274.mp3,retrieve_med,0050
274,Cantonese,冠脈病藥幫我搵下,./Intent_Prediction/audio/0275.mp3,search_med,56600000
275,English,Give me some pills for my heart condition,./Intent_Prediction/audio/0276.mp3,retrieve_med,00000000
276,Cantonese,幫我攞心臟病藥,./Intent_Prediction/audio/0277.mp3,retrieve_med,0005660
277,English,Bring me pills for depression,./Intent_Prediction/audio/0278.mp3,retrieve_med,00007
278,Cantonese,攞抑鬱症藥俾我,./Intent_Prediction/audio/0279.mp3,retrieve_med,0780000
279,English,Can you find my antidepressant pills,./Intent_Prediction/audio/0280.mp3,search_med,000070
280,Cantonese,幫手搵抗抑鬱藥,./Intent_Prediction/audio/0281.mp3,search_med,0000780
281,English,I want Amitriptyline for my depression,./Intent_Prediction/audio/0282.mp3,retrieve_med,007007
282,Cantonese,我要阿米替林,./Intent_Prediction/audio/0283.mp3,retrieve_med,007888
283,English,Find me the antidepressant medication,./Intent_Prediction/audio/0284.mp3,search_med,00070
284,Cantonese,攞抗抑鬱藥幫下手,./Intent_Prediction/audio/0285.mp3,retrieve_med,00780000
285,English,Fetch the depression medication for me,./Intent_Prediction/audio/0286.mp3,retrieve_med,007000
286,Cantonese,請幫我攞抑鬱症藥,./Intent_Prediction/audio/0287.mp3,retrieve_med,00007800
287,English,Find pills for high blood pressure,./Intent_Prediction/audio/0288.mp3,search_med,000122
288,Cantonese,幫我搵高血壓藥,./Intent_Prediction/audio/0289.mp3,search_med,0001122
289,English,I need tablets to control hypertension,./Intent_Prediction/audio/0290.mp3,retrieve_med,000001
290,Cantonese,攞血管緊張素轉換酶抑制藥畀我,./Intent_Prediction/audio/0291.mp3,retrieve_med,01222222222200
291,English,Bring hypertension medicine to me,./Intent_Prediction/audio/0292.mp3,retrieve_med,01000
292,Cantonese,高血壓藥幫我拎嚟,./Intent_Prediction/audio/0293.mp3,retrieve_med,11220000
293,English,Where is the ACE Inhibitor stored,./Intent_Prediction/audio/0294.mp3,search_med,000120
294,Cantonese,血管緊張素轉換酶抑制藥放喺邊,./Intent_Prediction/audio/0295.mp3,search_med,12222222222000
295,English,Can you grab Metformin for me,./Intent_Prediction/audio/0296.mp3,retrieve_med,000300
296,Cantonese,請幫手攞糖尿病藥,./Intent_Prediction/audio/0297.mp3,retrieve_med,00003440
297,English,Bring me medication for diabetes,./Intent_Prediction/audio/0298.mp3,retrieve_med,00003
298,Cantonese,我要甲福明,./Intent_Prediction/audio/0299.mp3,retrieve_med,00344
299,English,I need Metformin tablets urgently,./Intent_Prediction/audio/0300.mp3,retrieve_med,00300
300,Cantonese,請攞糖尿病藥畀我,./Intent_Prediction/audio/0301.mp3,retrieve_med,00344000
301,English,Find some diabetes medication for me,./Intent_Prediction/audio/0302.mp3,search_med,003000
302,Cantonese,幫我搵糖尿病藥,./Intent_Prediction/audio/0303.mp3,retrieve_med,0003440
303,English,Grab Metformin pills for my condition,./Intent_Prediction/audio/0304.mp3,retrieve_med,030000
304,Cantonese,攞糖尿病藥俾我,./Intent_Prediction/audio/0305.mp3,retrieve_med,0344000
305,English,Find me Atorvastatin for my heart,./Intent_Prediction/audio/0306.mp3,search_med,005000
306,Cantonese,冠心病藥請幫手搵下,./Intent_Prediction/audio/0307.mp3,retrieve_med,566000000
307,English,Can you fetch heart disease pills,./Intent_Prediction/audio/0308.mp3,retrieve_med,000560
308,Cantonese,心臟病藥幫我搵下,./Intent_Prediction/audio/0309.mp3,retrieve_med,56600000
309,English,I need Atorvastatin pills for CAD,./Intent_Prediction/audio/0310.mp3,retrieve_med,005005
310,Cantonese,阿伐他汀請攞畀我,./Intent_Prediction/audio/0311.mp3,retrieve_med,56660000
311,English,Bring me medication for coronary disease,./Intent_Prediction/audio/0312.mp3,retrieve_med,000000
312,Cantonese,幫我攞冠脈病藥,./Intent_Prediction/audio/0313.mp3,retrieve_med,0005660
313,English,Fetch pills for heart disease,./Intent_Prediction/audio/0314.mp3,retrieve_med,00056
314,Cantonese,心臟病藥請攞,./Intent_Prediction/audio/0315.mp3,retrieve_med,566000
315,English,Give me depression medicine now,./Intent_Prediction/audio/0316.mp3,retrieve_med,00700
316,Cantonese,抑鬱症藥攞畀我,./Intent_Prediction/audio/0317.mp3,retrieve_med,7800000
317,English,I need antidepressants quickly,./Intent_Prediction/audio/0318.mp3,retrieve_med,0000
318,Cantonese,幫手攞阿米替林,./Intent_Prediction/audio/0319.mp3,retrieve_med,0007888
319,English,Bring me Amitriptyline medication,./Intent_Prediction/audio/0320.mp3,retrieve_med,0070
320,Cantonese,請攞抑鬱症藥畀我,./Intent_Prediction/audio/0321.mp3,retrieve_med,00780000
321,English,Find my depression medicine,./Intent_Prediction/audio/0322.mp3,search_med,0070
322,Cantonese,搵阿米替林俾我,./Intent_Prediction/audio/0323.mp3,retrieve_med,0788800
323,English,Fetch antidepressants for my condition,./Intent_Prediction/audio/0324.mp3,retrieve_med,00000
324,Cantonese,攞抗抑鬱藥幫我,./Intent_Prediction/audio/0325.mp3,retrieve_med,0078000
325,English,Can you find hypertension medication for me,./Intent_Prediction/audio/0326.mp3,search_med,0001000
326,Cantonese,幫我搵高血壓藥,./Intent_Prediction/audio/0327.mp3,search_med,0001122
327,English,Bring me the pills for high blood pressure,./Intent_Prediction/audio/0328.mp3,retrieve_med,00000122
328,Cantonese,攞高血壓藥俾我,./Intent_Prediction/audio/0329.mp3,retrieve_med,0112200
329,English,I need ACE Inhibitor for hypertension,./Intent_Prediction/audio/0330.mp3,retrieve_med,001201
330,Cantonese,血管緊張素轉換酶抑制藥幫我攞下,./Intent_Prediction/audio/0331.mp3,retrieve_med,122222222220000
331,English,Where is the medication for hypertension,./Intent_Prediction/audio/0332.mp3,search_med,000001
332,Cantonese,高血壓藥放喺邊,./Intent_Prediction/audio/0333.mp3,search_med,1122000
333,English,Fetch diabetes pills for me,./Intent_Prediction/audio/0334.mp3,retrieve_med,03000
334,Cantonese,幫我攞糖尿病藥,./Intent_Prediction/audio/0335.mp3,retrieve_med,0003440
335,English,Can you bring Metformin for my diabetes,./Intent_Prediction/audio/0336.mp3,retrieve_med,0003003
336,Cantonese,請攞甲福明畀我,./Intent_Prediction/audio/0337.mp3,retrieve_med,0034400
337,English,I want the medicine for diabetes,./Intent_Prediction/audio/0338.mp3,retrieve_med,000003
338,Cantonese,我要糖尿病藥,./Intent_Prediction/audio/0339.mp3,retrieve_med,003440
339,English,Get the Metformin tablets for my treatment,./Intent_Prediction/audio/0340.mp3,retrieve_med,0030000
340,Cantonese,幫我搵甲福明,./Intent_Prediction/audio/0341.mp3,search_med,000344
341,English,Find medication for controlling diabetes,./Intent_Prediction/audio/0342.mp3,search_med,00003
342,Cantonese,糖尿病藥幫我拎,./Intent_Prediction/audio/0343.mp3,retrieve_med,3440000
343,English,Bring heart disease pills for me,./Intent_Prediction/audio/0344.mp3,retrieve_med,056000
344,Cantonese,攞心臟病藥俾我,./Intent_Prediction/audio/0345.mp3,retrieve_med,0566000
345,English,Where are the Atorvastatin tablets stored,./Intent_Prediction/audio/0346.mp3,search_med,000500
346,Cantonese,阿伐他汀放喺邊度,./Intent_Prediction/audio/0347.mp3,search_med,56660000
347,English,I need coronary disease medication,./Intent_Prediction/audio/0348.mp3,retrieve_med,00000
348,Cantonese,幫我搵冠脈病藥,./Intent_Prediction/audio/0349.mp3,retrieve_med,0005660
349,English,Fetch medication for heart problems,./Intent_Prediction/audio/0350.mp3,retrieve_med,00000
350,Cantonese,心臟病藥幫我搵下,./Intent_Prediction/audio/0351.mp3,search_med,56600000
351,English,Can you grab Atorvastatin for me,./Intent_Prediction/audio/0352.mp3,retrieve_med,000500
352,Cantonese,阿伐他汀幫手攞下,./Intent_Prediction/audio/0353.mp3,retrieve_med,56660000
353,English,Bring me antidepressants now,./Intent_Prediction/audio/0354.mp3,retrieve_med,0000
354,Cantonese,請攞抗抑鬱藥畀我,./Intent_Prediction/audio/0355.mp3,retrieve_med,00078000
355,English,Where is my depression medication,./Intent_Prediction/audio/0356.mp3,search_med,00070
356,Cantonese,幫我搵抑鬱症藥,./Intent_Prediction/audio/0357.mp3,search_med,0007800
357,English,I need Amitriptyline for depression,./Intent_Prediction/audio/0358.mp3,retrieve_med,00707
358,Cantonese,請幫我攞阿米替林,./Intent_Prediction/audio/0359.mp3,retrieve_med,00007888
359,English,Fetch antidepressant tablets for me,./Intent_Prediction/audio/0360.mp3,retrieve_med,07000
360,Cantonese,搵抗抑鬱藥畀我,./Intent_Prediction/audio/0361.mp3,search_med,0078000
361,English,Give me the medicine for my depression,./Intent_Prediction/audio/0362.mp3,retrieve_med,0000007
362,Cantonese,攞抑鬱症藥俾我,./Intent_Prediction/audio/0363.mp3,retrieve_med,0780000
363,Cantonese,幫我搵 ACE Inhibitor 藥,./Intent_Prediction/audio/0364.mp3,search_med,000120
364,Cantonese,Can you get my 高血壓藥,./Intent_Prediction/audio/0365.mp3,retrieve_med,00001122
365,Cantonese,攞 hypertension 藥畀我,./Intent_Prediction/audio/0366.mp3,retrieve_med,01000
366,Cantonese,Where is my 血管緊張素轉換酶抑制藥,./Intent_Prediction/audio/0367.mp3,search_med,00012222222222
367,Cantonese,請幫我拎 Metformin,./Intent_Prediction/audio/0368.mp3,retrieve_med,00003
368,Cantonese,Find my 糖尿病 medication,./Intent_Prediction/audio/0369.mp3,search_med,003440
369,Cantonese,幫我搵糖尿病藥 Metformin,./Intent_Prediction/audio/0370.mp3,search_med,00034403
370,Cantonese,Can you fetch my 甲福明 pills,./Intent_Prediction/audio/0371.mp3,retrieve_med,00003440
371,Cantonese,攞 Atorvastatin 畀我,./Intent_Prediction/audio/0372.mp3,retrieve_med,0500
372,Cantonese,Bring me 心臟病 medication,./Intent_Prediction/audio/0373.mp3,retrieve_med,005660
373,Cantonese,幫手搵冠心病藥 Atorvastatin,./Intent_Prediction/audio/0374.mp3,search_med,00056605
374,Cantonese,Find my 阿伐他汀 tablets,./Intent_Prediction/audio/0375.mp3,search_med,0056660
375,Cantonese,請幫我攞 Amitriptyline,./Intent_Prediction/audio/0376.mp3,retrieve_med,00007
376,Cantonese,Where is my 抗抑鬱藥,./Intent_Prediction/audio/0377.mp3,search_med,0000780
377,Cantonese,我要 Amitriptyline 抑鬱症藥,./Intent_Prediction/audio/0378.mp3,retrieve_med,0077800
378,Cantonese,Fetch my 阿米替林 medication,./Intent_Prediction/audio/0379.mp3,retrieve_med,0078880
379,Cantonese,請問 ACE Inhibitor 喺邊,./Intent_Prediction/audio/0380.mp3,search_med,001200
380,Cantonese,Where can I find 高血壓藥,./Intent_Prediction/audio/0381.mp3,search_med,00001122
381,Cantonese,幫我攞 hypertension 藥,./Intent_Prediction/audio/0382.mp3,retrieve_med,00010
382,Cantonese,I need my 血管緊張素轉換酶抑制藥,./Intent_Prediction/audio/0383.mp3,retrieve_med,00012222222222
383,Cantonese,Metformin 係邊度,./Intent_Prediction/audio/0384.mp3,search_med,3000
384,Cantonese,Can you bring me 糖尿病 medication,./Intent_Prediction/audio/0385.mp3,retrieve_med,00003440
385,Cantonese,我要糖尿病藥 Metformin,./Intent_Prediction/audio/0386.mp3,retrieve_med,0034403
386,Cantonese,Get my 甲福明 pills for me,./Intent_Prediction/audio/0387.mp3,retrieve_med,00344000
387,Cantonese,幫我拎 Atorvastatin,./Intent_Prediction/audio/0388.mp3,retrieve_med,0005
388,Cantonese,I need my 心臟病 medication,./Intent_Prediction/audio/0389.mp3,retrieve_med,0005660
389,Cantonese,請幫我搵冠心病藥 Atorvastatin,./Intent_Prediction/audio/0390.mp3,search_med,000056605
390,Cantonese,Fetch my 阿伐他汀 tablets,./Intent_Prediction/audio/0391.mp3,retrieve_med,0056660
391,Cantonese,Amitriptyline 喺邊,./Intent_Prediction/audio/0392.mp3,search_med,700
392,Cantonese,Where is my 抗抑鬱藥,./Intent_Prediction/audio/0393.mp3,search_med,0000780
393,Cantonese,攞 Amitriptyline 抑鬱症藥俾我,./Intent_Prediction/audio/0394.mp3,retrieve_med,07780000
394,Cantonese,Can you find my 阿米替林 medication,./Intent_Prediction/audio/0395.mp3,search_med,000078880
395,Cantonese,我要 ACE Inhibitor 幫我攞,./Intent_Prediction/audio/0396.mp3,retrieve_med,0012000
396,Cantonese,Find my 高血壓藥 for me,./Intent_Prediction/audio/0397.mp3,retrieve_med,00112200
397,Cantonese,請幫手搵 hypertension 藥,./Intent_Prediction/audio/0398.mp3,search_med,000010
398,Cantonese,Fetch my 血管緊張素轉換酶抑制藥,./Intent_Prediction/audio/0399.mp3,retrieve_med,0012222222222
399,Cantonese,Metformin 幫我攞嚟,./Intent_Prediction/audio/0400.mp3,retrieve_med,30000
400,Cantonese,Bring me 糖尿病 medication now,./Intent_Prediction/audio/0401.mp3,retrieve_med,0034400
401,Cantonese,幫手搵 Metformin 糖尿病藥,./Intent_Prediction/audio/0402.mp3,search_med,00033440
402,Cantonese,Where are my 甲福明 pills,./Intent_Prediction/audio/0403.mp3,search_med,0003440
403,Cantonese,Atorvastatin 喺邊度,./Intent_Prediction/audio/0404.mp3,search_med,5000
404,Cantonese,Get me some 心臟病 medication,./Intent_Prediction/audio/0405.mp3,retrieve_med,0005660
405,Cantonese,幫我攞 Atorvastatin 心臟病藥,./Intent_Prediction/audio/0406.mp3,retrieve_med,00055660
406,Cantonese,Find my 冠心病 medication now,./Intent_Prediction/audio/0407.mp3,search_med,0056600
407,Cantonese,我要 Amitriptyline 抗抑鬱藥,./Intent_Prediction/audio/0408.mp3,retrieve_med,0070780
408,Cantonese,Can you bring my 抑鬱症 medication,./Intent_Prediction/audio/0409.mp3,search_med,00007800
409,Cantonese,幫手攞 Amitriptyline 俾我,./Intent_Prediction/audio/0410.mp3,retrieve_med,000700
410,Cantonese,Where are my 阿米替林 pills,./Intent_Prediction/audio/0411.mp3,search_med,00078880
411,Cantonese,幫我攞 ACE Inhibitor 高血壓藥,./Intent_Prediction/audio/0412.mp3,retrieve_med,000121122
412,Cantonese,Can you find my 血管緊張素轉換酶抑制藥,./Intent_Prediction/audio/0413.mp3,search_med,000012222222222
413,Cantonese,我想要 hypertension 藥,./Intent_Prediction/audio/0414.mp3,retrieve_med,00010
414,Cantonese,Where can I get 高血壓 medicine,./Intent_Prediction/audio/0415.mp3,search_med,00001220
415,Cantonese,請幫我拎 Metformin 糖尿病藥,./Intent_Prediction/audio/0416.mp3,retrieve_med,000033440
416,Cantonese,Find me my 甲福明 tablets,./Intent_Prediction/audio/0417.mp3,search_med,0003440
417,Cantonese,Metformin 係邊度,./Intent_Prediction/audio/0418.mp3,search_med,3000
418,Cantonese,Bring me my 糖尿病 pills,./Intent_Prediction/audio/0419.mp3,retrieve_med,0003440
419,Cantonese,幫手搵 Atorvastatin 心臟病藥,./Intent_Prediction/audio/0420.mp3,search_med,00055660
420,Cantonese,Where is my 冠心病 medication,./Intent_Prediction/audio/0421.mp3,search_med,0005660
421,Cantonese,請幫我攞阿伐他汀,./Intent_Prediction/audio/0422.mp3,retrieve_med,00005666
422,Cantonese,Fetch my heart disease 藥,./Intent_Prediction/audio/0423.mp3,retrieve_med,00560
423,Cantonese,攞 Amitriptyline 抑鬱症藥畀我,./Intent_Prediction/audio/0424.mp3,retrieve_med,07780000
424,Cantonese,Find me my 抗抑鬱 medication,./Intent_Prediction/audio/0425.mp3,search_med,0000780
425,Cantonese,阿米替林 喺邊度,./Intent_Prediction/audio/0426.mp3,search_med,7888000
426,Cantonese,Can you grab my depression 藥,./Intent_Prediction/audio/0427.mp3,retrieve_med,000070
427,Cantonese,我要 ACE Inhibitor 幫手拎,./Intent_Prediction/audio/0428.mp3,retrieve_med,0012000
428,Cantonese,Get me some 高血壓藥,./Intent_Prediction/audio/0429.mp3,retrieve_med,0001122
429,Cantonese,請幫我搵 hypertension 藥,./Intent_Prediction/audio/0430.mp3,retrieve_med,000010
430,Cantonese,Fetch my 血管緊張素轉換酶抑制藥,./Intent_Prediction/audio/0431.mp3,retrieve_med,0012222222222
431,Cantonese,Metformin 幫我攞過嚟,./Intent_Prediction/audio/0432.mp3,retrieve_med,300000
432,Cantonese,Bring me some 糖尿病 medicine,./Intent_Prediction/audio/0433.mp3,retrieve_med,0003440
433,Cantonese,搵 Metformin 糖尿病藥俾我,./Intent_Prediction/audio/0434.mp3,retrieve_med,03344000
434,Cantonese,Where are my 甲福明 pills,./Intent_Prediction/audio/0435.mp3,search_med,0003440
435,Cantonese,Atorvastatin 放喺邊,./Intent_Prediction/audio/0436.mp3,search_med,5000
436,Cantonese,I need my 心臟病 medicine,./Intent_Prediction/audio/0437.mp3,retrieve_med,0005660
437,Cantonese,幫我攞 Atorvastatin 冠心病藥,./Intent_Prediction/audio/0438.mp3,retrieve_med,00055660
438,Cantonese,Find my 阿伐他汀 tablets now,./Intent_Prediction/audio/0439.mp3,search_med,00566600
439,Cantonese,我要 Amitriptyline 抗抑鬱藥,./Intent_Prediction/audio/0440.mp3,retrieve_med,0070780
440,Cantonese,Can you find my 抑鬱症 medication,./Intent_Prediction/audio/0441.mp3,search_med,00007800
441,Cantonese,請幫我攞 Amitriptyline,./Intent_Prediction/audio/0442.mp3,retrieve_med,00007
442,Cantonese,Where is my 阿米替林,./Intent_Prediction/audio/0443.mp3,search_med,0007888
443,Cantonese,幫我搵 ACE Inhibitor 高血壓藥,./Intent_Prediction/audio/0444.mp3,search_med,000121122
444,Cantonese,Where can I get 血管緊張素轉換酶抑制藥,./Intent_Prediction/audio/0445.mp3,search_med,000012222222222
445,Cantonese,攞 hypertension 藥畀我,./Intent_Prediction/audio/0446.mp3,retrieve_med,01000
446,Cantonese,Can you fetch my 高血壓 medication,./Intent_Prediction/audio/0447.mp3,retrieve_med,00001220
447,Cantonese,請幫我拎 Metformin 糖尿病藥,./Intent_Prediction/audio/0448.mp3,retrieve_med,000033440
448,Cantonese,Bring me my 甲福明 pills,./Intent_Prediction/audio/0449.mp3,retrieve_med,0003440
449,Cantonese,我想要 Metformin,./Intent_Prediction/audio/0450.mp3,retrieve_med,0003
450,Cantonese,Find my 糖尿病 tablets,./Intent_Prediction/audio/0451.mp3,search_med,003440
451,Cantonese,幫我攞 Atorvastatin 心臟病藥,./Intent_Prediction/audio/0452.mp3,retrieve_med,00055660
452,Cantonese,Fetch my 冠心病 medicine,./Intent_Prediction/audio/0453.mp3,retrieve_med,005660
453,Cantonese,Atorvastatin 喺邊,./Intent_Prediction/audio/0454.mp3,search_med,500
454,Cantonese,Can you grab my 阿伐他汀 pills,./Intent_Prediction/audio/0455.mp3,retrieve_med,000056660
455,Cantonese,攞 Amitriptyline 抑鬱症藥畀我,./Intent_Prediction/audio/0456.mp3,retrieve_med,07780000
456,Cantonese,Find my 抗抑鬱 medication,./Intent_Prediction/audio/0457.mp3,search_med,000780
457,Cantonese,請幫手搵 Amitriptyline,./Intent_Prediction/audio/0458.mp3,search_med,00007
458,Cantonese,Bring me my 阿米替林 pills,./Intent_Prediction/audio/0459.mp3,retrieve_med,00078880
459,Cantonese,我要 ACE Inhibitor 幫手拎,./Intent_Prediction/audio/0460.mp3,retrieve_med,0012000
460,Cantonese,Where is my 高血壓藥,./Intent_Prediction/audio/0461.mp3,search_med,0001122
461,Cantonese,請幫我搵 hypertension 藥,./Intent_Prediction/audio/0462.mp3,retrieve_med,000010
462,Cantonese,Get me my 血管緊張素轉換酶抑制藥,./Intent_Prediction/audio/0463.mp3,retrieve_med,00012222222222
463,Cantonese,Metformin 幫我攞過嚟,./Intent_Prediction/audio/0464.mp3,retrieve_med,300000
464,Cantonese,Can you bring my 糖尿病 medicine,./Intent_Prediction/audio/0465.mp3,search_med,00003440
465,Cantonese,請幫我拎糖尿病藥 Metformin,./Intent_Prediction/audio/0466.mp3,retrieve_med,000034403
466,Cantonese,Where can I find 甲福明 pills,./Intent_Prediction/audio/0467.mp3,search_med,00003440
467,Cantonese,Atorvastatin 放喺邊,./Intent_Prediction/audio/0468.mp3,search_med,5000
468,Cantonese,Give me my 心臟病 medication,./Intent_Prediction/audio/0469.mp3,retrieve_med,0005660
469,Cantonese,幫手攞 Atorvastatin 心臟病藥,./Intent_Prediction/audio/0470.mp3,retrieve_med,00055660
470,Cantonese,Fetch my 冠心病 tablets now,./Intent_Prediction/audio/0471.mp3,retrieve_med,0056600
471,Cantonese,請攞 Amitriptyline 俾我,./Intent_Prediction/audio/0472.mp3,retrieve_med,00700
472,Cantonese,Can you find my 抑鬱症 medicine,./Intent_Prediction/audio/0473.mp3,search_med,00007800
473,Cantonese,搵 Amitriptyline 抗抑鬱藥畀我,./Intent_Prediction/audio/0474.mp3,retrieve_med,07078000
474,Cantonese,Where is my 阿米替林 medication,./Intent_Prediction/audio/0475.mp3,search_med,00078880
475,Cantonese,幫我拎 hypertension 藥,./Intent_Prediction/audio/0476.mp3,retrieve_med,00010
476,Cantonese,I need my 高血壓 medication,./Intent_Prediction/audio/0477.mp3,retrieve_med,0001220
477,Cantonese,請幫我搵 Metformin 甲福明,./Intent_Prediction/audio/0478.mp3,retrieve_med,00003344
478,Cantonese,Find my 糖尿病藥 now,./Intent_Prediction/audio/0479.mp3,search_med,0034400
479,Cantonese,Atorvastatin 係邊,./Intent_Prediction/audio/0480.mp3,search_med,500
480,Cantonese,Bring me my 心臟病藥,./Intent_Prediction/audio/0481.mp3,retrieve_med,0005660
481,Cantonese,請幫我攞 Amitriptyline 抗抑鬱藥,./Intent_Prediction/audio/0482.mp3,retrieve_med,000070780
482,Cantonese,Can you fetch my 阿米替林 tablets,./Intent_Prediction/audio/0483.mp3,search_med,000078880
483,Cantonese,俾ACE Inhibitor我啊,./Intent_Prediction/audio/0484.mp3,retrieve_med,01200
484,Cantonese,俾高血壓藥我啊,./Intent_Prediction/audio/0485.mp3,retrieve_med,0112200
485,Cantonese,俾血管緊張素轉換酶抑制劑我啊,./Intent_Prediction/audio/0486.mp3,retrieve_med,01222222222200
486,Cantonese,俾High blood pressure藥我啊,./Intent_Prediction/audio/0487.mp3,retrieve_med,0122000
487,Cantonese,俾Hypertension藥我啊,./Intent_Prediction/audio/0488.mp3,retrieve_med,01000
488,Cantonese,俾Ace inhibitor我啊,./Intent_Prediction/audio/0489.mp3,retrieve_med,01200
489,Cantonese,俾Metformin我啊,./Intent_Prediction/audio/0490.mp3,retrieve_med,0300
490,Cantonese,俾糖尿病藥我啊,./Intent_Prediction/audio/0491.mp3,retrieve_med,0344000
491,Cantonese,俾甲福明我啊,./Intent_Prediction/audio/0492.mp3,retrieve_med,034400
492,Cantonese,俾Diabetes藥我啊,./Intent_Prediction/audio/0493.mp3,retrieve_med,0300
493,Cantonese,拎嗰支Atorvastatin俾我,./Intent_Prediction/audio/0494.mp3,retrieve_med,0005000
494,Cantonese,拎嗰支Amitriptyline俾我,./Intent_Prediction/audio/0495.mp3,retrieve_med,000700
495,Cantonese,拎嗰支抑鬱症藥俾我,./Intent_Prediction/audio/0496.mp3,retrieve_med,000780000
496,Cantonese,拎嗰支Depression藥俾我,./Intent_Prediction/audio/0497.mp3,retrieve_med,0007000
497,Cantonese,拎嗰支Depression disorder藥俾我,./Intent_Prediction/audio/0498.mp3,retrieve_med,00070000
498,Cantonese,拎嗰支阿米替林俾我,./Intent_Prediction/audio/0499.mp3,retrieve_med,000788800
499,Cantonese,拎嗰支Amitriptyline俾我,./Intent_Prediction/audio/0500.mp3,retrieve_med,000700
500,Cantonese,拎嗰支Antidepressant俾我,./Intent_Prediction/audio/0501.mp3,retrieve_med,000700
501,Cantonese,MedicGrabber我想要ACE Inhibitor可唔可以遞俾我,./Intent_Prediction/audio/0502.mp3,retrieve_med,0000120000000
502,Cantonese,MedicGrabber我想要高血壓藥可唔可以遞俾我,./Intent_Prediction/audio/0503.mp3,retrieve_med,000011220000000
503,Cantonese,MedicGrabber我想要血管緊張素轉換酶抑制劑可唔可以遞俾我,./Intent_Prediction/audio/0504.mp3,retrieve_med,0000122222222220000000
504,Cantonese,MedicGrabber我想要High blood pressure藥可唔可以遞俾我,./Intent_Prediction/audio/0505.mp3,retrieve_med,000012200000000
505,Cantonese,MedicGrabber我想要Hypertension藥可唔可以遞俾我,./Intent_Prediction/audio/0506.mp3,retrieve_med,0000100000000
506,Cantonese,MedicGrabber我想要糖尿病藥可唔可以遞俾我,./Intent_Prediction/audio/0507.mp3,retrieve_med,000034400000000
507,Cantonese,MedicGrabber我想要甲福明可唔可以遞俾我,./Intent_Prediction/audio/0508.mp3,retrieve_med,00003440000000
508,Cantonese,MedicGrabber我想要Diabetes藥可唔可以遞俾我,./Intent_Prediction/audio/0509.mp3,retrieve_med,0000300000000
509,Cantonese,MedicGrabber我想要Metformin可唔可以遞俾我,./Intent_Prediction/audio/0510.mp3,retrieve_med,000030000000
510,Cantonese,MedicGrabber我想要冠脈病藥可唔可以遞俾我,./Intent_Prediction/audio/0511.mp3,retrieve_med,000056600000000
511,Cantonese,MedicGrabber我想要冠心病藥可唔可以遞俾我,./Intent_Prediction/audio/0512.mp3,retrieve_med,000056600000000
512,Cantonese,MedicGrabber我想要心臟病藥可唔可以遞俾我,./Intent_Prediction/audio/0513.mp3,retrieve_med,000056600000000
513,Cantonese,MedicGrabber我想要Coronary heart disease藥可唔可以遞俾我,./Intent_Prediction/audio/0514.mp3,retrieve_med,000056600000000
514,Cantonese,MedicGrabber我想要Cad可唔可以遞俾我,./Intent_Prediction/audio/0515.mp3,retrieve_med,000050000000
515,Cantonese,MedicGrabber我想要阿伐他汀可唔可以遞俾我,./Intent_Prediction/audio/0516.mp3,retrieve_med,000056660000000
516,Cantonese,MedicGrabber我想要Atorvastatin可唔可以遞俾我,./Intent_Prediction/audio/0517.mp3,retrieve_med,000050000000
517,Cantonese,MedicGrabber我想要抑鬱症藥可唔可以遞俾我,./Intent_Prediction/audio/0518.mp3,retrieve_med,000078000000000
518,Cantonese,MedicGrabber我想要Depression藥可唔可以遞俾我,./Intent_Prediction/audio/0519.mp3,retrieve_med,0000700000000
519,Cantonese,MedicGrabber我想要Depression disorder藥可唔可以遞俾我,./Intent_Prediction/audio/0520.mp3,retrieve_med,00007000000000
520,Cantonese,MedicGrabber我想要阿米替林可唔可以遞俾我,./Intent_Prediction/audio/0521.mp3,retrieve_med,000078880000000
521,Cantonese,MedicGrabber我想要Amitriptyline可唔可以遞俾我,./Intent_Prediction/audio/0522.mp3,retrieve_med,000070000000
522,Cantonese,MedicGrabber我想要Antidepressant可唔可以遞俾我,./Intent_Prediction/audio/0523.mp3,retrieve_med,000070000000
523,Cantonese,有冇ACE Inhibitor或者Metformin,./Intent_Prediction/audio/0524.mp3,retrieve_med,0012003
524,Cantonese,有冇ACE Inhibitor或者Atorvastatin,./Intent_Prediction/audio/0525.mp3,retrieve_med,0012005
525,Cantonese,有冇ACE Inhibitor或者Amitriptyline,./Intent_Prediction/audio/0526.mp3,retrieve_med,0012007
526,Cantonese,有冇Metformin或者Atorvastatin,./Intent_Prediction/audio/0527.mp3,retrieve_med,003005
527,Cantonese,有冇Metformin或者Amitriptyline,./Intent_Prediction/audio/0528.mp3,retrieve_med,003007
528,Cantonese,有冇Atorvastatin或者Amitriptyline,./Intent_Prediction/audio/0529.mp3,retrieve_med,005007
529,Cantonese,有冇高血壓藥或者血管緊張素轉換酶抑制劑,./Intent_Prediction/audio/0530.mp3,retrieve_med,0011220012222222222
530,Cantonese,有冇高血壓藥或者High blood pressure藥,./Intent_Prediction/audio/0531.mp3,retrieve_med,001122001220
531,Cantonese,有冇高血壓藥或者Hypertension藥,./Intent_Prediction/audio/0532.mp3,retrieve_med,0011220010
532,Cantonese,有冇高血壓藥或者ace inhibitor,./Intent_Prediction/audio/0533.mp3,retrieve_med,0011220012
533,Cantonese,有冇血管緊張素轉換酶抑制劑或者High blood pressure藥,./Intent_Prediction/audio/0534.mp3,retrieve_med,0012222222222001220
534,Cantonese,有冇血管緊張素轉換酶抑制劑或者Hypertension藥,./Intent_Prediction/audio/0535.mp3,retrieve_med,00122222222220010
535,Cantonese,有冇血管緊張素轉換酶抑制劑或者ace inhibitor,./Intent_Prediction/audio/0536.mp3,retrieve_med,00122222222220012
536,Cantonese,有冇High blood pressure藥或者Hypertension藥,./Intent_Prediction/audio/0537.mp3,retrieve_med,0012200010
537,Cantonese,有冇High blood pressure藥或者ace inhibitor,./Intent_Prediction/audio/0538.mp3,retrieve_med,0012200012
538,Cantonese,有冇Hypertension藥或者ace inhibitor,./Intent_Prediction/audio/0539.mp3,retrieve_med,00100012
539,Cantonese,有冇糖尿病藥或者甲福明,./Intent_Prediction/audio/0540.mp3,retrieve_med,00344000344
540,Cantonese,有冇糖尿病藥或者diabetes,./Intent_Prediction/audio/0541.mp3,retrieve_med,003440003
541,Cantonese,有冇糖尿病藥或者metformin,./Intent_Prediction/audio/0542.mp3,retrieve_med,003440003
542,Cantonese,有冇甲福明或者diabetes,./Intent_Prediction/audio/0543.mp3,retrieve_med,00344003
543,Cantonese,有冇甲福明或者metformin,./Intent_Prediction/audio/0544.mp3,retrieve_med,00344003
544,Cantonese,有冇diabetes或者metformin,./Intent_Prediction/audio/0545.mp3,retrieve_med,003003
545,Cantonese,有冇冠脈病藥或者冠心病藥,./Intent_Prediction/audio/0546.mp3,retrieve_med,005660005660
546,Cantonese,有冇冠脈病藥或者心臟病藥,./Intent_Prediction/audio/0547.mp3,retrieve_med,005660005660
547,Cantonese,有冇冠脈病藥或者Coronary heart disease藥,./Intent_Prediction/audio/0548.mp3,retrieve_med,005660005660
548,Cantonese,有冇冠脈病藥或者cad,./Intent_Prediction/audio/0549.mp3,retrieve_med,005660005
549,Cantonese,有冇冠脈病藥或者阿伐他汀,./Intent_Prediction/audio/0550.mp3,retrieve_med,005660005666
550,Cantonese,有冇冠脈病藥或者atorvastatin,./Intent_Prediction/audio/0551.mp3,retrieve_med,005660005
551,Cantonese,有冇冠心病藥或者心臟病藥,./Intent_Prediction/audio/0552.mp3,retrieve_med,005660005660
552,Cantonese,有冇冠心病藥或者Coronary heart disease藥,./Intent_Prediction/audio/0553.mp3,retrieve_med,005660005660
553,Cantonese,有冇冠心病藥或者cad,./Intent_Prediction/audio/0554.mp3,retrieve_med,005660005
554,Cantonese,有冇冠心病藥或者阿伐他汀,./Intent_Prediction/audio/0555.mp3,retrieve_med,005660005666
555,Cantonese,有冇冠心病藥或者atorvastatin,./Intent_Prediction/audio/0556.mp3,retrieve_med,005660005
556,Cantonese,有冇心臟病藥或者Coronary heart disease藥,./Intent_Prediction/audio/0557.mp3,retrieve_med,005660005660
557,Cantonese,有冇心臟病藥或者cad,./Intent_Prediction/audio/0558.mp3,retrieve_med,005660005
558,Cantonese,有冇心臟病藥或者阿伐他汀,./Intent_Prediction/audio/0559.mp3,retrieve_med,005660005666
559,Cantonese,有冇心臟病藥或者atorvastatin,./Intent_Prediction/audio/0560.mp3,retrieve_med,005660005
560,Cantonese,有冇Coronary heart disease藥或者cad,./Intent_Prediction/audio/0561.mp3,retrieve_med,005660005
561,Cantonese,有冇Coronary heart disease藥或者阿伐他汀,./Intent_Prediction/audio/0562.mp3,retrieve_med,005660005666
562,Cantonese,有冇Coronary heart disease藥或者atorvastatin,./Intent_Prediction/audio/0563.mp3,retrieve_med,005660005
563,Cantonese,有冇cad或者阿伐他汀,./Intent_Prediction/audio/0564.mp3,retrieve_med,005005666
564,Cantonese,有冇cad或者atorvastatin,./Intent_Prediction/audio/0565.mp3,retrieve_med,005005
565,Cantonese,有冇阿伐他汀或者atorvastatin,./Intent_Prediction/audio/0566.mp3,retrieve_med,005666005
566,Cantonese,有冇抑鬱症藥或者Depression藥,./Intent_Prediction/audio/0567.mp3,retrieve_med,0078000070
567,Cantonese,有冇抑鬱症藥或者Depression disorder藥,./Intent_Prediction/audio/0568.mp3,retrieve_med,00780000700
568,Cantonese,有冇抑鬱症藥或者阿米替林,./Intent_Prediction/audio/0569.mp3,retrieve_med,007800007888
569,Cantonese,有冇抑鬱症藥或者amitriptyline,./Intent_Prediction/audio/0570.mp3,retrieve_med,007800007
570,Cantonese,有冇抑鬱症藥或者antidepressant,./Intent_Prediction/audio/0571.mp3,retrieve_med,007800007
571,Cantonese,有冇Depression藥或者Depression disorder藥,./Intent_Prediction/audio/0572.mp3,retrieve_med,007000700
572,Cantonese,有冇Depression藥或者阿米替林,./Intent_Prediction/audio/0573.mp3,retrieve_med,0070007888
573,Cantonese,有冇Depression藥或者amitriptyline,./Intent_Prediction/audio/0574.mp3,retrieve_med,0070007
574,Cantonese,有冇Depression藥或者antidepressant,./Intent_Prediction/audio/0575.mp3,retrieve_med,0070007
575,Cantonese,有冇Depression disorder藥或者阿米替林,./Intent_Prediction/audio/0576.mp3,retrieve_med,00700007888
576,Cantonese,有冇Depression disorder藥或者amitriptyline,./Intent_Prediction/audio/0577.mp3,retrieve_med,00700007
577,Cantonese,有冇Depression disorder藥或者antidepressant,./Intent_Prediction/audio/0578.mp3,retrieve_med,00700007
578,Cantonese,有冇阿米替林或者amitriptyline,./Intent_Prediction/audio/0579.mp3,retrieve_med,007888007
579,Cantonese,有冇阿米替林或者antidepressant,./Intent_Prediction/audio/0580.mp3,retrieve_med,007888007
580,Cantonese,有冇amitriptyline或者antidepressant,./Intent_Prediction/audio/0581.mp3,retrieve_med,007007
581,Cantonese,有冇高血壓藥或者糖尿病藥,./Intent_Prediction/audio/0582.mp3,retrieve_med,001122003440
582,Cantonese,有冇高血壓藥或者甲福明,./Intent_Prediction/audio/0583.mp3,retrieve_med,00112200344
583,Cantonese,有冇高血壓藥或者diabetes,./Intent_Prediction/audio/0584.mp3,retrieve_med,001122003
584,Cantonese,有冇高血壓藥或者metformin,./Intent_Prediction/audio/0585.mp3,retrieve_med,001122003
585,Cantonese,有冇血管緊張素轉換酶抑制劑或者糖尿病藥,./Intent_Prediction/audio/0586.mp3,retrieve_med,0012222222222003440
586,Cantonese,有冇血管緊張素轉換酶抑制劑或者甲福明,./Intent_Prediction/audio/0587.mp3,retrieve_med,001222222222200344
587,Cantonese,有冇血管緊張素轉換酶抑制劑或者diabetes,./Intent_Prediction/audio/0588.mp3,retrieve_med,0012222222222003
588,Cantonese,有冇血管緊張素轉換酶抑制劑或者metformin,./Intent_Prediction/audio/0589.mp3,retrieve_med,0012222222222003
589,Cantonese,有冇High blood pressure藥或者糖尿病藥,./Intent_Prediction/audio/0590.mp3,retrieve_med,001220003440
590,Cantonese,有冇High blood pressure藥或者甲福明,./Intent_Prediction/audio/0591.mp3,retrieve_med,00122000344
591,Cantonese,有冇High blood pressure藥或者diabetes,./Intent_Prediction/audio/0592.mp3,retrieve_med,001220003
592,Cantonese,有冇High blood pressure藥或者metformin,./Intent_Prediction/audio/0593.mp3,retrieve_med,001220003
593,Cantonese,有冇Hypertension藥或者糖尿病藥,./Intent_Prediction/audio/0594.mp3,retrieve_med,0010003440
594,Cantonese,有冇Hypertension藥或者甲福明,./Intent_Prediction/audio/0595.mp3,retrieve_med,001000344
595,Cantonese,有冇Hypertension藥或者diabetes,./Intent_Prediction/audio/0596.mp3,retrieve_med,0010003
596,Cantonese,有冇Hypertension藥或者metformin,./Intent_Prediction/audio/0597.mp3,retrieve_med,0010003
597,Cantonese,有冇ace inhibitor或者糖尿病藥,./Intent_Prediction/audio/0598.mp3,retrieve_med,0012003440
598,Cantonese,有冇ace inhibitor或者甲福明,./Intent_Prediction/audio/0599.mp3,retrieve_med,001200344
599,Cantonese,有冇ace inhibitor或者diabetes,./Intent_Prediction/audio/0600.mp3,retrieve_med,0012003
600,Cantonese,有冇ace inhibitor或者metformin,./Intent_Prediction/audio/0601.mp3,retrieve_med,0012003
601,Cantonese,有冇冠脈病藥或者抑鬱症藥,./Intent_Prediction/audio/0602.mp3,retrieve_med,005660007800
602,Cantonese,有冇冠脈病藥或者Depression藥,./Intent_Prediction/audio/0603.mp3,retrieve_med,0056600070
603,Cantonese,有冇冠脈病藥或者Depression disorder藥,./Intent_Prediction/audio/0604.mp3,retrieve_med,00566000700
604,Cantonese,有冇冠脈病藥或者阿米替林,./Intent_Prediction/audio/0605.mp3,retrieve_med,005660007888
605,Cantonese,有冇冠脈病藥或者amitriptyline,./Intent_Prediction/audio/0606.mp3,retrieve_med,005660007
606,Cantonese,有冇冠脈病藥或者antidepressant,./Intent_Prediction/audio/0607.mp3,retrieve_med,005660007
607,Cantonese,有冇冠心病藥或者抑鬱症藥,./Intent_Prediction/audio/0608.mp3,retrieve_med,005660007800
608,Cantonese,有冇冠心病藥或者Depression藥,./Intent_Prediction/audio/0609.mp3,retrieve_med,0056600070
609,Cantonese,有冇冠心病藥或者Depression disorder藥,./Intent_Prediction/audio/0610.mp3,retrieve_med,00566000700
610,Cantonese,有冇冠心病藥或者阿米替林,./Intent_Prediction/audio/0611.mp3,retrieve_med,005660007888
611,Cantonese,有冇心臟病藥或者amitriptyline,./Intent_Prediction/audio/0612.mp3,retrieve_med,005666007
612,Cantonese,有冇心臟病藥或者antidepressant,./Intent_Prediction/audio/0613.mp3,retrieve_med,005666007
613,Cantonese,有冇心臟病藥或者Depression disorder藥,./Intent_Prediction/audio/0614.mp3,retrieve_med,00566600700
614,Cantonese,有冇心臟病藥或者阿米替林,./Intent_Prediction/audio/0615.mp3,retrieve_med,005666007888
615,Cantonese,可能要高血壓嘅藥啦  ,./Intent_Prediction/audio/0616.mp3,enquire_suitable_med,000122000
616,Cantonese,唔知係咪要糖尿病嗰隻  ,./Intent_Prediction/audio/0617.mp3,enquire_suitable_med,0000034400
617,Cantonese,我諗緊要唔要阿伐他汀  ,./Intent_Prediction/audio/0618.mp3,enquire_suitable_med,0000005666
618,Cantonese,係咪應該攞返抑鬱症嗰啲呀  ,./Intent_Prediction/audio/0619.mp3,enquire_suitable_med,000000780000
619,Cantonese,未必係甲福明但應該差唔多  ,./Intent_Prediction/audio/0620.mp3,enquire_suitable_med,000344000000
620,Cantonese,可能係hypertension  ,./Intent_Prediction/audio/0621.mp3,enquire_suitable_med,0001
621,Cantonese,我記得好似係metformin  ,./Intent_Prediction/audio/0622.mp3,enquire_suitable_med,0000003
622,Cantonese,應該係depression用開嗰隻  ,./Intent_Prediction/audio/0623.mp3,enquire_suitable_med,00070000
623,Cantonese,會唔會係antidepressant呀  ,./Intent_Prediction/audio/0624.mp3,enquire_suitable_med,000070
624,Cantonese,可能係cad嗰種  ,./Intent_Prediction/audio/0625.mp3,enquire_suitable_med,000500
625,Cantonese,都唔太肯定係阿米替林定係amitriptyline  ,./Intent_Prediction/audio/0626.mp3,enquire_suitable_med,0000007888007
626,Cantonese,我估應該係coronary heart disease嗰啲  ,./Intent_Prediction/audio/0627.mp3,enquire_suitable_med,0000056600
627,Cantonese,係唔係血管緊張素轉換酶抑制劑呀  ,./Intent_Prediction/audio/0628.mp3,enquire_suitable_med,000122222222220
628,Cantonese,可能係diabetes用開嗰隻藥  ,./Intent_Prediction/audio/0629.mp3,enquire_suitable_med,000300000
629,Cantonese,未必係高血壓不過好似係咁  ,./Intent_Prediction/audio/0630.mp3,enquire_suitable_med,000122000000
630,Cantonese,我唔太記得係atorvastatin定其他  ,./Intent_Prediction/audio/0631.mp3,enquire_suitable_med,0000005000
631,Cantonese,可能要搵返阿伐他汀  ,./Intent_Prediction/audio/0632.mp3,enquire_suitable_med,000005666
632,Cantonese,我懷疑係depression disorder  ,./Intent_Prediction/audio/0633.mp3,enquire_suitable_med,000070
633,Cantonese,唔知係咪抓錯咗high blood pressure  ,./Intent_Prediction/audio/0634.mp3,enquire_suitable_med,0000000122
634,Cantonese,應該係amitriptyline咁上下啦  ,./Intent_Prediction/audio/0635.mp3,enquire_suitable_med,00070000
635,Cantonese,應該係某種糖尿病藥但唔記得名  ,./Intent_Prediction/audio/0636.mp3,enquire_suitable_med,00000344000000
636,Cantonese,可能係心臟病嗰隻嚟嘅  ,./Intent_Prediction/audio/0637.mp3,enquire_suitable_med,0005660000
637,Cantonese,會唔會係high blood pressure個款  ,./Intent_Prediction/audio/0638.mp3,enquire_suitable_med,000012200
638,Cantonese,都唔肯定係唔係ace inhibitor  ,./Intent_Prediction/audio/0639.mp3,enquire_suitable_med,000000012
639,Cantonese,我估可能係阿米替林定其他啲類似嘅  ,./Intent_Prediction/audio/0640.mp3,enquire_suitable_med,0000078880000000
640,Cantonese,記得包裝上面寫住metformin定乜乜咁  ,./Intent_Prediction/audio/0641.mp3,enquire_suitable_med,0000000030000
641,Cantonese,可能係hypertension但唔係好確定  ,./Intent_Prediction/audio/0642.mp3,enquire_suitable_med,0001000000
642,Cantonese,可能係俾冠心病用嘅藥  ,./Intent_Prediction/audio/0643.mp3,enquire_suitable_med,0000566000
643,Cantonese,聽人講好似係atorvastatin  ,./Intent_Prediction/audio/0644.mp3,enquire_suitable_med,0000005
644,Cantonese,我唔記得係咪depression定係其他情緒嗰啲  ,./Intent_Prediction/audio/0645.mp3,enquire_suitable_med,000000700000000
645,Cantonese,可能係用嚟壓血壓嗰類  ,./Intent_Prediction/audio/0646.mp3,enquire_suitable_med,0000012200
646,Cantonese,有機會係antidepressant但我唔識分  ,./Intent_Prediction/audio/0647.mp3,enquire_suitable_med,0000700000
647,Cantonese,阿醫生上次講好似係cad定coronary咁嘅名  ,./Intent_Prediction/audio/0648.mp3,enquire_suitable_med,000000000500000
648,Cantonese,我唔係好識英文藥名但好似係嗰啲  ,./Intent_Prediction/audio/0649.mp3,enquire_suitable_med,000000000000000
649,Cantonese,唔太肯定係唔係抑鬱症用嗰啲藥  ,./Intent_Prediction/audio/0650.mp3,enquire_suitable_med,00000007800000
650,Cantonese,可能要試下揾返甲福明睇下啱唔啱  ,./Intent_Prediction/audio/0651.mp3,enquire_suitable_med,000000034400000
651,Cantonese,感覺上係diabetes相關嘅嘢  ,./Intent_Prediction/audio/0652.mp3,enquire_suitable_med,000030000
652,Cantonese,我估可能係抓咗錯藥都唔定  ,./Intent_Prediction/audio/0653.mp3,enquire_suitable_med,000000000000
653,Cantonese,都唔知係邊隻比較啱用喎  ,./Intent_Prediction/audio/0654.mp3,enquire_suitable_med,00000000000
654,Cantonese,會唔會係嗰啲血壓藥其中一種呢  ,./Intent_Prediction/audio/0655.mp3,enquire_suitable_med,00000012200000
655,Cantonese,可能係降血壓嗰啲藥啦  ,./Intent_Prediction/audio/0656.mp3,enquire_suitable_med,0000000000
656,Cantonese,唔知係糖尿病藥定抗抑鬱藥  ,./Intent_Prediction/audio/0657.mp3,enquire_suitable_med,000344000780
657,Cantonese,應該係控制血脂嗰類掛  ,./Intent_Prediction/audio/0658.mp3,enquire_suitable_med,0000056000
658,Cantonese,記得上次好似開咗啲心臟病藥  ,./Intent_Prediction/audio/0659.mp3,enquire_suitable_med,0000000005660
659,Cantonese,我估係一種精神科藥但唔太肯定  ,./Intent_Prediction/audio/0660.mp3,enquire_suitable_med,00000000000000
660,Cantonese,有機會係嗰啲糖尿病控制藥  ,./Intent_Prediction/audio/0661.mp3,enquire_suitable_med,000000344000
661,Cantonese,可能係兩隻藥其中一隻啦  ,./Intent_Prediction/audio/0662.mp3,enquire_suitable_med,00000000000
662,Cantonese,我都唔記得係邊種血壓藥  ,./Intent_Prediction/audio/0663.mp3,enquire_suitable_med,00000000122
